QR,MemberID
teIY,1001
r2on,1002
f9D7,1003
lSHY,1004
97P,1005
9Fqz,1006
3OsO,1007
xT26,1008
2EMA,1009
Le2,1010
48c,1011
nVgp,1012
BoEk,1013
shJs,1014
m029,1015
vhpA,1016
tvKM,1017
wqBP,1018
nBgz,1019
xoE1,1020
5sLR,1021
87tP,1022
qIpt,1023
1Ztp,1024
EuQ,1025
stnu,1026
9niR,1027
uCsW,1028
cX2i,1029
gsrE,1030
wApW,1031
fDBt,1032
zbFE,1033
6ph4,1034
wPNr,1035
l3jR,1036
qXwB,1037
trRj,1038
HP2,1039
FApc,1040
dX6j,1041
zz7z,1042
lFfl,1043
3zMe,1044
E5ai,1045
vO9a,1046
vX1a,1047
f7wQ,1048
fbfJ,1049
9gZf,1050
hYP8,1051
oxad,1052
kp0g,1053
FmK7,1054
8typ,1055
yL9H,1056
8174,1057
iHcS,1058
rIpo,1059
uEiR,1060
y8KM,1061
4lvB,1062
7sfW,1063
v2XJ,1064
Dz98,1065
tDbD,1066
bL2n,1067
lsRk,1068
uky1,1069
B8Vp,1070
ABTs,1071
8jP3,1072
fKlu,1073
lhTo,1074
2yqP,1075
AVL8,1076
uXxP,1077
gJ6b,1078
tu74,1079
h7SE,1080
vioo,1081
glqv,1082
9Psy,1083
qmsc,1084
orHv,1085
9DnN,1086
fg0l,1087
DM4S,1088
1N0,1089
vSmr,1090
xKi1,1091
e55Z,1092
7AQH,1093
lK47,1094
iOGF,1095
iGyi,1096
ad0,1097
8W7y,1098
8HCz,1099
83nQ,1100
Ez5u,1101
wums,1102
oeO4,1103
gwZ1,1104
2vuJ,1105
fYyz,1106
oHiI,1107
cHzF,1108
7kHl,1109
7HrE,1110
iOmk,1111
tikY,1112
jcMj,1113
m88g,1114
y7ga,1115
ErGs,1116
nfk0,1117
mz9I,1118
r2n5,1119
CnF,1120
erMO,1121
ekQO,1122
woXh,1123
fBk5,1124
d0ul,1125
zVu2,1126
q8KY,1127
BPK8,1128
5KLB,1129
9EsA,1130
46sf,1131
rGWV,1132
cSo2,1133
cy06,1134
CfS8,1135
AXEo,1136
iCs7,1137
h2Dp,1138
AKpM,1139
42Ng,1140
8Owh,1141
m1Sl,1142
dg76,1143
24Hy,1144
3Lv7,1145
nzSY,1146
FFmL,1147
lSsV,1148
vJtD,1149
Ehhu,1150
tb99,1151
2bQj,1152
lEPf,1153
cDD2,1154
c8IV,1155
aa6r,1156
CMaA,1157
8we4,1158
EHeX,1159
j4bV,1160
mGx4,1161
AWnR,1162
BIi6,1163
bXyl,1164
rfxd,1165
xQMR,1166
9SKi,1167
3cut,1168
D2NL,1169
Fh8j,1170
BJtB,1171
ctQO,1172
qcH4,1173
5FVL,1174
A0Bb,1175
hj0P,1176
m6P5,1177
AYkN,1178
t1At,1179
zxxY,1180
2u7n,1181
z9Wv,1182
rKjQ,1183
8lWC,1184
iItE,1185
g8kb,1186
cNOw,1187
hcXR,1188
EdCy,1189
6Ay,1190
Dkxp,1191
EPfz,1192
3bxE,1193
E4x8,1194
qfec,1195
CHLD,1196
wy9R,1197
sjgm,1198
AIvR,1199
8PVm,1200
D6NA,1201
hsj8,1202
8lYJ,1203
avoz,1204
vJiz,1205
5Yj3,1206
r8lw,1207
CdOh,1208
hGHl,1209
s6zz,1210
rOAK,1211
27Wh,1212
u1Dz,1213
vC2E,1214
1nrs,1215
2Amb,1216
j1Ma,1217
v3XV,1218
bepz,1219
7U5H,1220
nRVw,1221
dKjr,1222
hWpt,1223
sqiF,1224
cGwd,1225
tnek,1226
hIb,1227
tB27,1228
EVZv,1229
x7yv,1230
9SM2,1231
Adcj,1232
g6XA,1233
Bl1Y,1234
nEKe,1235
uAS8,1236
6gOO,1237
zPHa,1238
itky,1239
FNw3,1240
iUoG,1241
jlZX,1242
x926,1243
wloi,1244
Agq8,1245
vDrX,1246
62Z4,1247
pTon,1248
o0AG,1249
2eKB,1250
8ffJ,1251
m1Nw,1252
gsfp,1253
1QXd,1254
7XJe,1255
zfhV,1256
zC16,1257
pe74,1258
3gnX,1259
ahcx,1260
FJiW,1261
Bb6v,1262
3mfx,1263
qd1P,1264
x6XZ,1265
Ccij,1266
xbwi,1267
mByt,1268
xJLi,1269
30rH,1270
rxB6,1271
zIn2,1272
wXQR,1273
cN6B,1274
o2di,1275
rDq0,1276
56KX,1277
BeeR,1278
9KaL,1279
vMD3,1280
lxd6,1281
2T9j,1282
4sIH,1283
5GcX,1284
eDHp,1285
2zF0,1286
doqd,1287
ux9c,1288
ENSk,1289
hLYK,1290
4BjD,1291
jSvZ,1292
rUAo,1293
xGRa,1294
taip,1295
9QjL,1296
6aOS,1297
dxYF,1298
1KxA,1299
q5dJ,1300
cJ7g,1301
FxOJ,1302
F5LW,1303
e4cq,1304
abLe,1305
5yV9,1306
kcAG,1307
DvZP,1308
iZ68,1309
6TZ6,1310
qSrl,1311
jXPF,1312
AjKE,1313
gcmi,1314
ESEp,1315
5f8V,1316
mmBx,1317
eK8d,1318
rRgO,1319
Chz8,1320
392c,1321
Hml,1322
dySs,1323
4g6K,1324
hBfo,1325
sImK,1326
v4no,1327
h6w2,1328
axhb,1329
B6lj,1330
2S4q,1331
pZG6,1332
BjDC,1333
p8kY,1334
6B2M,1335
zIJ6,1336
cnTm,1337
gKoQ,1338
j9T7,1339
wsvi,1340
xN1s,1341
mfg5,1342
uJ0x,1343
77BB,1344
uOr9,1345
arD3,1346
wnKu,1347
kzz1,1348
Dl1t,1349
1dvQ,1350
xlIz,1351
tKwk,1352
wHNh,1353
CzT6,1354
xcxs,1355
uOXH,1356
35LI,1357
rYNu,1358
xry6,1359
il0C,1360
d3pr,1361
DVxg,1362
2VpR,1363
DKrS,1364
2fLJ,1365
aQot,1366
6wTG,1367
aNHG,1368
2f6G,1369
q5XE,1370
rtSQ,1371
8aKI,1372
e0kX,1373
rUR6,1374
FHRu,1375
vA63,1376
eXmR,1377
rrR7,1378
bNCY,1379
CyFW,1380
hH7O,1381
wf8G,1382
vPRk,1383
iXQO,1384
2yOP,1385
aLdd,1386
xbkt,1387
pxSY,1388
vvPZ,1389
E8M2,1390
hIof,1391
5nea,1392
uGF3,1393
30NF,1394
7bVx,1395
j0TN,1396
9TIH,1397
uE1P,1398
r5lf,1399
oBsk,1400
3hrm,1401
rgbm,1402
8SM9,1403
E7xE,1404
4tZ0,1405
i1Oz,1406
gJ8g,1407
kiAh,1408
bI,1409
vEhz,1410
biKS,1411
u0su,1412
pGXw,1413
jg9A,1414
rrQ7,1415
AURX,1416
75Ra,1417
C8oq,1418
yxAw,1419
lq3D,1420
zm9e,1421
nbK5,1422
bc3z,1423
aZLk,1424
D5UC,1425
cPbE,1426
tgwl,1427
aOv7,1428
w13r,1429
czem,1430
4NhY,1431
fThq,1432
a2gt,1433
qzLW,1434
xxmE,1435
DXB3,1436
n29d,1437
epxh,1438
1QcD,1439
mm4O,1440
oIdN,1441
2f3O,1442
ibGM,1443
3oh6,1444
gFSC,1445
rc5t,1446
cv9W,1447
7NdM,1448
wx6g,1449
812E,1450
nHLO,1451
CrpO,1452
guKE,1453
AHU7,1454
qC0b,1455
DjDf,1456
wUaP,1457
iJjV,1458
elyC,1459
4fZG,1460
6pbs,1461
7wQK,1462
xNTG,1463
xdI9,1464
BMWk,1465
qcwX,1466
bKvf,1467
ujD3,1468
be5g,1469
fsBf,1470
hQ5X,1471
k8eN,1472
hv9o,1473
mPDC,1474
Bz5s,1475
1P1W,1476
7Emi,1477
f6gh,1478
qSf9,1479
kqfs,1480
yHOj,1481
J5a,1482
t8qr,1483
bu4Z,1484
uBUN,1485
1JW,1486
mN9e,1487
96qV,1488
1ceC,1489
EaQ7,1490
B6Ma,1491
fLch,1492
oOFy,1493
kvdm,1494
ATwK,1495
65O5,1496
sZ71,1497
cxwZ,1498
56nZ,1499
hZ0Y,1500
9AKQ,1501
miNc,1502
5wDo,1503
wuuR,1504
zroS,1505
ql19,1506
9PJ7,1507
caZx,1508
5737,1509
bheN,1510
vg7G,1511
Atb2,1512
bKCU,1513
imeA,1514
4bXx,1515
mLA4,1516
hViw,1517
ffzD,1518
nWgj,1519
ppp9,1520
lpik,1521
kg9R,1522
CbJC,1523
nZp,1524
iGuT,1525
rBR3,1526
CruN,1527
FxZt,1528
22XZ,1529
E5oU,1530
AT3Q,1531
BMkN,1532
8cyb,1533
EGyz,1534
zGrX,1535
xGFO,1536
lN7O,1537
aaaa,1538
BBnl,1539
hcVY,1540
wNiH,1541
kISU,1542
naaV,1543
2Mj7,1544
yIr0,1545
kXhB,1546
ouuz,1547
viby,1548
DruP,1549
fZdM,1550
cAvJ,1551
Bk1J,1552
hwHL,1553
yB5V,1554
FaZs,1555
zQMi,1556
k5WG,1557
7lBc,1558
kwJz,1559
9dKA,1560
z5xv,1561
p1Bi,1562
rlPd,1563
sr6f,1564
nmsV,1565
2dB,1566
aK8D,1567
mUGV,1568
gCMo,1569
vrEq,1570
gFFG,1571
wXas,1572
vGcm,1573
o9OR,1574
1blg,1575
yXnu,1576
4k2X,1577
ARi3,1578
E6Wj,1579
dhwY,1580
lV2c,1581
wbaE,1582
ytmQ,1583
jrpO,1584
xWw6,1585
tHgY,1586
ySDq,1587
yIIu,1588
r6C8,1589
x4sL,1590
7ZWG,1591
elID,1592
3CPm,1593
sbQj,1594
FgJq,1595
Gue,1596
82CH,1597
reiN,1598
3n11,1599
ac8A,1600
pqSo,1601
kxJd,1602
34NJ,1603
hU6m,1604
gtPC,1605
79qu,1606
hxcs,1607
x7Ic,1608
tHmX,1609
pLu8,1610
lxMY,1611
C7b4,1612
5KxK,1613
hvyT,1614
bIeL,1615
Ajjy,1616
9uES,1617
o66L,1618
3iCT,1619
jPId,1620
mzvq,1621
Czxq,1622
41kV,1623
9Qn,1624
wFUW,1625
fTat,1626
f4ki,1627
FaV,1628
6ajx,1629
qDGz,1630
fN71,1631
mHYS,1632
mitY,1633
pjG2,1634
qSvP,1635
sc3o,1636
w552,1637
7ZfO,1638
8cJL,1639
8ccH,1640
AHRW,1641
eE2v,1642
yS8o,1643
6n7Y,1644
BdGM,1645
7fLh,1646
vaSB,1647
5emN,1648
iIuL,1649
wUU3,1650
44mG,1651
zI6d,1652
kkkI,1653
8v38,1654
B2r6,1655
qOGD,1656
rJG1,1657
9fbm,1658
f7ln,1659
Cijp,1660
8hst,1661
f5iK,1662
mB8k,1663
t54U,1664
Dbs0,1665
5vUr,1666
filY,1667
BBYO,1668
irQx,1669
B9gD,1670
h8hq,1671
ekBd,1672
kUwu,1673
hVmO,1674
8lvK,1675
3mQA,1676
l4tx,1677
jl9a,1678
DhXR,1679
tLY9,1680
FT2,1681
zRg8,1682
j4UG,1683
zxOi,1684
skNm,1685
iLfB,1686
mqaP,1687
2P8Z,1688
qOyS,1689
dbCU,1690
97CG,1691
3qpk,1692
jr1B,1693
7zK3,1694
2hJl,1695
fn6g,1696
vMJW,1697
rBsR,1698
C7Cy,1699
oS24,1700
miAv,1701
MG0,1702
3OrT,1703
uwWD,1704
FvjB,1705
B84M,1706
wqQe,1707
dgH7,1708
FLYh,1709
A524,1710
p1BF,1711
jL4w,1712
tOT5,1713
zouA,1714
qA0O,1715
eqBB,1716
ypNP,1717
8eX9,1718
EFPd,1719
D21I,1720
Dw7K,1721
32jl,1722
hfTF,1723
Cl44,1724
DLzF,1725
c7Dz,1726
fGyg,1727
CNRs,1728
qKdX,1729
3KdG,1730
D5GE,1731
Dxu8,1732
hmWA,1733
pCRN,1734
o4Mb,1735
kno4,1736
z3Ux,1737
tEmT,1738
gvT2,1739
qArw,1740
jkMl,1741
87Pt,1742
hi0r,1743
nvZ7,1744
kWtu,1745
qIyV,1746
E5ft,1747
gvil,1748
c1HO,1749
eAfM,1750
sTTh,1751
ptHm,1752
3BG4,1753
g4cH,1754
44p1,1755
fod,1756
lj5z,1757
jO0i,1758
1Vxz,1759
i9kg,1760
29hd,1761
vCyc,1762
uq8B,1763
wz1K,1764
BIpL,1765
2Eoz,1766
5Xrg,1767
snoH,1768
cs6q,1769
9jU6,1770
FrPU,1771
ko3w,1772
gf4M,1773
6L3v,1774
7UxZ,1775
sLJJ,1776
6yFJ,1777
lFFr,1778
dwNF,1779
n9hs,1780
mHad,1781
k3TL,1782
3Fr0,1783
grdo,1784
7VeO,1785
nTBg,1786
6dDc,1787
cxWu,1788
cFpR,1789
zl86,1790
4p9t,1791
uUhy,1792
3lFE,1793
ePy7,1794
wcwM,1795
aE6Q,1796
q9HQ,1797
ceLL,1798
g8pP,1799
94JO,1800
co6Y,1801
zwcf,1802
a42d,1803
cHIh,1804
AOFq,1805
6Kva,1806
rZ9G,1807
qXWy,1808
1Idb,1809
4ToC,1810
80sS,1811
AN24,1812
eI9V,1813
acyA,1814
8KAf,1815
eGjm,1816
BcwD,1817
3aRr,1818
D1VM,1819
qn67,1820
m7hU,1821
qVtR,1822
arsz,1823
cYJC,1824
F4by,1825
MC,1826
wouC,1827
yPj4,1828
3Z51,1829
27NV,1830
uIap,1831
BXfM,1832
FF5l,1833
BS7g,1834
gExS,1835
2efD,1836
8S6O,1837
1Lpc,1838
nch1,1839
jTv4,1840
o1N6,1841
mIp6,1842
kiMr,1843
48He,1844
cRca,1845
h8Yt,1846
vzxJ,1847
m6IW,1848
l0Sd,1849
bSCe,1850
4qqj,1851
hju,1852
478q,1853
r78l,1854
8mJL,1855
oEzU,1856
yr2C,1857
rpiw,1858
qz5n,1859
1IhF,1860
6Fvu,1861
uUMT,1862
6BWC,1863
zSF1,1864
lq6K,1865
8z7T,1866
mQCx,1867
sNJC,1868
579c,1869
bZjG,1870
AZcx,1871
zHPy,1872
dEP8,1873
vnVO,1874
hJ2D,1875
aSY5,1876
DQ7q,1877
iZ3j,1878
ClRX,1879
y7H4,1880
tSA9,1881
nMJ9,1882
lYFf,1883
7aeW,1884
9Rmq,1885
2Zow,1886
lRDM,1887
F7JE,1888
1cA7,1889
hi2r,1890
CVsy,1891
qUP9,1892
FVOx,1893
tx3C,1894
ijPc,1895
Lgv,1896
ASXv,1897
F4zK,1898
iVN3,1899
mgfJ,1900
tZSf,1901
4JrN,1902
1uvt,1903
pUPE,1904
q2In,1905
yrhy,1906
WB7,1907
xvSv,1908
FOo4,1909
u5c0,1910
kJQ9,1911
smAB,1912
hDL2,1913
w6GS,1914
qECK,1915
sod9,1916
8TwC,1917
2ywT,1918
CoZl,1919
c6QB,1920
l17h,1921
tlpL,1922
quOZ,1923
DEQX,1924
svHZ,1925
lr48,1926
m3kN,1927
4tcz,1928
nvG0,1929
CXmZ,1930
wHb9,1931
i7KU,1932
cJKx,1933
7yNk,1934
fB9h,1935
5cg2,1936
kAQZ,1937
A4qO,1938
rxFD,1939
2scd,1940
on6l,1941
wa74,1942
2juw,1943
nwJ9,1944
1z0S,1945
xz57,1946
jgwQ,1947
j73H,1948
ew0h,1949
mUqK,1950
DXtf,1951
DCYd,1952
72j6,1953
vt4Y,1954
9znk,1955
sPi1,1956
7CCb,1957
5vAi,1958
6rbz,1959
k1Ib,1960
wbRg,1961
AjUv,1962
sxYI,1963
DcCR,1964
CudY,1965
d62w,1966
mnsu,1967
4FSR,1968
nRlg,1969
2ZJ2,1970
8LAk,1971
7ksx,1972
x9f0,1973
jHow,1974
wIcE,1975
mB8N,1976
jOAA,1977
mRSs,1978
zLVp,1979
DBO7,1980
es4z,1981
gahA,1982
cGW4,1983
FwmT,1984
5Kr5,1985
DN8T,1986
7aTM,1987
tB0Q,1988
qGZh,1989
sdfg,1990
hFMM,1991
v4F,1992
1I1g,1993
kHS8,1994
7U8A,1995
bfmN,1996
1IMR,1997
vLBi,1998
42dr,1999
pASj,2000